﻿{"cameraMode":{"drawMode":0,"name":"Shaded","section":"Shading Mode"},"sceneLighting":true,"audioPlay":false,"sceneViewState":{"showFog":true,"showMaterialUpdate":false,"showSkybox":true,"showFlares":true,"showImageEffects":true,"showParticleSystems":true},"in2DMode":false,"pivot":{"x":3.816826105117798,"y":1.0124810934066773,"z":-3.0753540992736818},"rotation":{"x":0.006322828587144613,"y":-0.9775176644325256,"z":0.20866705477237702,"w":0.029619792476296426},"size":18.19346046447754,"orthographic":false}